id,key,summary,reporter,priority,status,resolution,generated_at,created,duedate,updated
1,FIELDISSUE-1166,Arris Modem SNMP Block Issue,Smith, Teresa,P2,Open,,2021-12-16 03:49:00.729258,2021-11-23T17:40:09.000-0500,,2021-12-15T16:39:47.000-0500
2,FIELDISSUE-1163,Spectrum 110 and 210 set top boxes - cleared from the CMTS CLI via clear cable modem <mac-address>, they go offline and do not recover.,Smith, Todd C,P0,Open,,2021-12-16 03:49:00.759180,2021-11-22T18:33:21.000-0500,,2021-12-02T13:02:25.000-0500
3,FIELDISSUE-1160,L-TWC Customers having issues with 3 Way Calling,Applebaum, Mark E,P1,Open,,2021-12-16 03:49:00.792093,2021-11-17T11:58:12.000-0500,,2021-11-18T12:16:28.000-0500
4,FIELDISSUE-1153,Ethernet port issues post upgrade to 7.2.4.3G4 on E31N2V1,Dwornick, Derek J,P0,Open,,2021-12-16 03:49:00.822021,2021-11-08T14:59:33.000-0500,,2021-12-07T14:09:14.000-0500
5,FIELDISSUE-1151,Legacy CVC Signatures on D3.0 Docsis Devices,Hoover, Brian,P1,Open,,2021-12-16 03:49:00.856922,2021-11-05T15:38:54.000-0400,,2021-11-09T12:03:45.000-0500
6,FIELDISSUE-1147,Devices Boot Looping Following SNMP Updates,Caudill, Andrew B,P2,Open,,2021-12-16 03:49:00.890835,2021-10-29T13:26:45.000-0400,,2021-11-16T14:04:08.000-0500
7,FIELDISSUE-1142,Arris TM902A Loss of SNMP Management Post SNMP Access Map Updates,Caudill, Andrew B,P2,Open,,2021-12-16 03:49:00.921751,2021-10-20T01:05:38.000-0400,,2021-10-26T16:55:46.000-0400
8,FIELDISSUE-1130,Casa C100G - BDM High Split - Memory Leak,Bhukhra, Sharon S,P0,Open,,2021-12-16 03:49:00.953666,2021-10-11T11:37:43.000-0400,,2021-10-22T12:41:55.000-0400
9,FIELDISSUE-1113,Casa C100G - BDM-High Split - Modems with IPv6 not pingable and TFTPv6 is not working,Bhukhra, Sharon S,P1,Open,,2021-12-16 03:49:00.989569,2021-10-01T16:33:27.000-0400,,2021-10-04T11:12:40.000-0400
10,FIELDISSUE-1111,Post SMH Deployment Internet using wrong service flow in production,Caudill, Andrew B,P0,Open,,2021-12-16 03:49:01.024481,2021-10-01T15:02:32.000-0400,,2021-10-05T13:22:07.000-0400
11,FIELDISSUE-1087,Casa - High Split OFDMA support for certain modems with 204 Mhz,Bhukhra, Sharon S,P1,Open,,2021-12-16 03:49:01.064373,2021-09-21T02:24:34.000-0400,,2021-10-04T10:52:14.000-0400
12,FIELDISSUE-1067,Dynamic-Secret Reject: Load too high for back end,Harrison, Karl B,P2,Open,,2021-12-16 03:49:01.098283,2021-08-23T18:48:08.000-0400,,2021-10-04T12:49:35.000-0400
13,FIELDISSUE-1060,ACL issue request to validate INC000009162998  - 8/3 - ACL Issue  OSPFv3,Chapa, Arnold R,P2,In Progress,,2021-12-16 03:49:01.129201,2021-08-06T11:11:31.000-0400,,2021-11-30T17:50:05.000-0500
14,FIELDISSUE-1057,Commscope - 1602AP2 - TS0901303U7 - Dothan/Enterprise - Devices Rebooting,Salihu, Vigan,P1,On Hold - Waiting on Vendor,,2021-12-16 03:49:01.160119,2021-07-27T15:00:14.000-0400,,2021-09-27T19:46:05.000-0400
15,FIELDISSUE-1056,Cisco CBR-8: Speed issues with gig provisioned devices, on same WB group as low speed devices,Little, Mark M,P2,In Progress,,2021-12-16 03:49:01.189044,2021-07-26T16:28:49.000-0400,,2021-10-21T16:01:11.000-0400
16,FIELDISSUE-1049,SDV Black Screen issue NYC,Smith, Todd C,P1,Open,,2021-12-16 03:49:01.217966,2021-07-20T11:35:41.000-0400,,2021-07-20T12:14:12.000-0400
17,FIELDISSUE-1048,Hitron EN2251 - Device stuck in INIT-O,Dwornick, Derek J,P1,In Progress,,2021-12-16 03:49:01.256863,2021-07-12T15:39:05.000-0400,,2021-08-11T16:22:45.000-0400
18,FIELDISSUE-1038,Incorrect Vendor Info populated in DLPQS for E31T2V1,Narra, Haneesha,P1,On Hold - Waiting on Vendor,,2021-12-16 03:49:01.286784,2021-06-16T16:11:22.000-0400,,2021-08-23T22:43:17.000-0400
19,FIELDISSUE-1037,PLC CW value incorrect on Technicolor D3.1 eMTA's,Pulver, Tim M,P2,Open,,2021-12-16 03:49:01.316710,2021-06-16T15:57:49.000-0400,,2021-11-01T12:20:43.000-0400
20,FIELDISSUE-1036,PLC CW value incorrect on Ubee D3.1 eMTA's,Pulver, Tim M,P2,On Hold - Waiting on Customer,,2021-12-16 03:49:01.358598,2021-06-16T15:54:25.000-0400,,2021-12-09T13:25:14.000-0500
21,FIELDISSUE-1032,Devices are not returning a proper Device type in DLPQs,Norris, Larry D,P1,On Hold - Waiting on Vendor,,2021-12-16 03:49:01.388515,2021-06-07T10:06:15.000-0400,,2021-08-23T22:42:32.000-0400
22,FIELDISSUE-1030,Some 120MHz-wide OFDM channels exhibit MER roll-off due to noise in lower frequencies,,Harrison, Karl B,P1,On Hold - Waiting on Vendor,,2021-12-16 03:49:01.419439,2021-06-03T15:44:57.000-0400,,2021-06-21T10:32:40.000-0400
23,FIELDISSUE-1025,Fieldissue- ES2251 -01.02.32-GA-P20 - Lock failures and recoveries, MDD timeouts, OFDM profile changes, OFDM lock failures.,Teague, Halina E,P1,On Hold - Waiting on Customer,,2021-12-16 03:49:01.455339,2021-05-27T10:51:35.000-0400,,2021-09-23T11:44:37.000-0400
24,FIELDISSUE-1021,FIELDISSUE - Add "tr69class=cm" tag to BHN Deviceopedia for all 3.1 eMTAs,Nethery, Matt S,P1,Test,,2021-12-16 03:49:01.491243,2021-05-19T17:26:40.000-0400,,2021-11-23T19:09:19.000-0500
25,FIELDISSUE-1018,DMIC and TFTP proxy configuration in L-TWC results in slow TFTP response for IPv6 managed CMs,Harrison, Karl B,P3,On Hold - Waiting on Customer,,2021-12-16 03:49:01.522166,2021-05-14T05:22:10.000-0400,,2021-06-28T10:51:23.000-0400
26,FIELDISSUE-1017,Hitron EN2251 unable to download full IPv6 config file in L-BHN,Pulver, Tim M,P1,Test,,2021-12-16 03:49:01.557071,2021-05-08T19:27:23.000-0400,,2021-09-02T12:02:47.000-0400
27,FIELDISSUE-1016,cBR8: cFEC and uFEC results in OFDMA channel modems not recovering,Katona, Matt J,P0,On Hold - Waiting on Customer,,2021-12-16 03:49:01.590979,2021-05-04T16:06:20.000-0400,,2021-05-14T15:35:38.000-0400
28,FIELDISSUE-1015,Cisco cBR8 - Field Notice 72116 QuoVadis Cert affecting cBR8 Licensing,Brown, John C,P1,On Hold - Waiting on Customer,,2021-12-16 03:49:01.627884,2021-04-30T17:02:51.000-0400,,2021-06-07T18:18:58.000-0400
29,FIELDISSUE-1012,Casa C100G - Rel 8.6.2.2_build931C - 'Stop module configuration' error - bug 143932,Bhukhra, Sharon S,P2,On Hold - Waiting on Vendor,,2021-12-16 03:49:01.663791,2021-04-26T12:33:07.000-0400,,2021-11-30T17:50:33.000-0500
30,FIELDISSUE-1008,Hitron E31N2V1 - Analytics showing increased truck rolls during 7.2.4.0G4 deployment,Dwornick, Derek J,P1,Open,,2021-12-16 03:49:01.692710,2021-04-22T18:14:18.000-0400,,2021-08-31T12:05:01.000-0400
31,FIELDISSUE-1007,Hitron EN2251 Slow Speeds/Intermittent connectivity when RF is degraded,Dwornick, Derek J,P0,Open,,2021-12-16 03:49:01.724629,2021-04-20T17:28:45.000-0400,,2021-08-11T16:04:35.000-0400
32,FIELDISSUE-1006,US noise observed by 3.1 CM's in Florida and South Regions,Stone III, John N,P1,On Hold - Waiting on Customer,,2021-12-16 03:49:01.758543,2021-04-15T15:58:36.000-0400,,2021-08-19T10:37:02.000-0400
33,FIELDISSUE-1005,Modem Recovery Time issues,Katona, Matt J,P2,Open,,2021-12-16 03:49:01.790451,2021-04-15T13:08:00.000-0400,,2021-08-11T17:37:38.000-0400
34,FIELDISSUE-1004,[Field Issue] - TM1602AP2 - Ethernet interface Admin down,Nethery, Matt S,P1,Open,,2021-12-16 03:49:01.820374,2021-04-13T13:52:11.000-0400,,2021-08-11T16:11:46.000-0400
35,FIELDISSUE-1003,DCX3200 STBs offline after Casa 8.6.2.2-build931c Upgrade Requiring reboot/re-init,Brown, John C,P2,On Hold - Waiting on Customer,,2021-12-16 03:49:01.852288,2021-04-13T10:56:51.000-0400,,2021-05-06T19:41:07.000-0400
36,FIELDISSUE-1000,Casa C100G - Rel 8.6.2.2_build931C - OFDMA configs missing post reboot,Bhukhra, Sharon S,P2,On Hold - Waiting on Customer,,2021-12-16 03:49:01.883207,2021-03-29T15:57:01.000-0400,,2021-11-30T17:50:33.000-0500
37,FIELDISSUE-990,CSCvx04248 Not enough cdman FPA buffer for messages: cable modems cannot come online,Brown, John C,P2,On Hold - Waiting on Customer,,2021-12-16 03:49:01.911132,2021-03-23T17:29:41.000-0400,,2021-12-14T16:02:55.000-0500
38,FIELDISSUE-984,[Ubee 3.1emta] - EU2251 PC1.5 - Field reports of "no connectivity from router behind CM" P15-01.03.06,Nethery, Matt S,P1,On Hold - Waiting on Customer,,2021-12-16 03:49:01.959006,2021-03-11T20:45:59.000-0500,,2021-06-03T15:18:14.000-0400
39,FIELDISSUE-981,Hitron EN2251 intermittently losing dial tone,Norris, Larry D,P0,Test,,2021-12-16 03:49:01.988926,2021-03-03T16:39:27.000-0500,,2021-12-14T16:02:49.000-0500
40,FIELDISSUE-978,[Ubee][ATA][1.1.13-TWC] Voice Does not activate if only Line 2 is configured,Nelson, Joshua E,P0,On Hold - Waiting on Vendor,,2021-12-16 03:49:02.017851,2021-02-24T16:47:43.000-0500,,2021-12-15T18:16:39.000-0500
41,FIELDISSUE-976,Removal of static-groups results in missing guide changes,Harrison, Karl B,P2,Open,,2021-12-16 03:49:02.058741,2021-02-10T16:26:26.000-0500,,2021-11-30T17:49:57.000-0500
42,FIELDISSUE-973,CSCvx04248 : Not enough cdman FPA buffer for messages: cable modems cannot come online,Brown, John C,P2,On Hold - Waiting on Vendor,,2021-12-16 03:49:02.088664,2021-02-03T18:27:01.000-0500,,2021-12-14T16:02:39.000-0500
43,FIELDISSUE-970,TM822 (l-chtr) may report lower than actual SNR after prolonged loss of RF,Pulver, Tim M,P2,In Progress,,2021-12-16 03:49:02.119580,2021-01-28T13:56:35.000-0500,,2021-12-13T12:36:33.000-0500
44,FIELDISSUE-969,CSCvw81772: CBR8 UMP Failure after upstream frequency change,Katona, Matt J,P2,On Hold - Waiting on Customer,,2021-12-16 03:49:02.148504,2021-01-19T14:22:57.000-0500,,2021-12-14T16:02:27.000-0500
45,FIELDISSUE-968,Cisco 16.12.1y ES3 - IPDR Bugs,Brown, John C,P2,On Hold - Waiting on Customer,,2021-12-16 03:49:02.178425,2021-01-19T13:40:35.000-0500,,2021-12-15T18:15:53.000-0500
46,FIELDISSUE-958,Casa - C100G - OFDMA partial counts issue,Bhukhra, Sharon S,P2,Open,,2021-12-16 03:49:02.208347,2021-01-07T15:25:14.000-0500,,2021-01-20T10:42:16.000-0500
47,FIELDISSUE-951,[Ubee][TVM9241][TWC][SWREV: 1.1.13-TWC] Fast Busy on Outbound,Nelson, Joshua E,P1,On Hold - Waiting on Vendor,,2021-12-16 03:49:02.240263,2020-12-22T15:57:30.000-0500,,2021-11-09T17:18:04.000-0500
48,FIELDISSUE-949,L-CHTR Cable modem CMM dual stacking,Little, Mark M,P2,On Hold - Waiting on Vendor,,2021-12-16 03:49:02.270183,2020-12-11T19:16:32.000-0500,,2021-12-15T18:14:20.000-0500
49,FIELDISSUE-945,Technicolor E31T2V1 battery light flashing after software upgrade,Jackson, Terry W,P1,On Hold - Waiting on Customer,,2021-12-16 03:49:02.334015,2020-12-04T18:56:45.000-0500,,2021-12-14T16:01:58.000-0500
50,FIELDISSUE-942,Ubee E31U2V1 eMTA unable to lock on to OFDMA carrier (L-BHN - CBR8),Pulver, Tim M,P1,On Hold - Waiting on Customer,,2021-12-16 03:49:02.377898,2020-12-03T16:13:27.000-0500,,2021-12-15T18:13:51.000-0500
51,FIELDISSUE-939,CLONE - [Multi-Router] [SAC2V1K|SAC2V1A] Slow Speeds/Intermittent Services,Nelson, Joshua E,P0,On Hold - Waiting on Customer,,2021-12-16 03:49:02.409816,2020-12-03T10:55:07.000-0500,,2021-12-15T18:13:27.000-0500
52,FIELDISSUE-936,[EU2251] MTA Interface Not shutting down when Provisioned for Data Only,Nelson, Joshua E,P0,Open,,2021-12-16 03:49:02.446717,2020-11-25T15:37:41.000-0500,,2021-11-19T10:47:09.000-0500
53,FIELDISSUE-927,[ATA] - Ubee TVM924 | Loss of dial tone when ONU reboots / loss of power to ATA,Nethery, Matt S,P1,On Hold - Waiting on Customer,,2021-12-16 03:49:02.480626,2020-11-16T18:33:00.000-0500,,2021-12-14T15:41:08.000-0500
54,FIELDISSUE-924,ECCERR type errors must be resolved through reset,Harrison, Karl B,P2,Open,,2021-12-16 03:49:02.513544,2020-11-03T13:03:36.000-0500,,2021-11-30T17:49:59.000-0500
55,FIELDISSUE-922,Titan Megablock errors on DCAM2s require resets, RMAs,Harrison, Karl B,P2,On Hold - Waiting on Customer,,2021-12-16 03:49:02.551441,2020-10-22T17:42:32.000-0400,,2021-12-14T15:40:50.000-0500
56,FIELDISSUE-916,TC8717 - elevated call volume, possibly stuck in bridge mode post update to 6.36 firmware,Pulver, Tim M,P1,Open,,2021-12-16 03:49:02.582357,2020-10-20T16:34:48.000-0400,,2021-08-11T16:10:33.000-0400
57,FIELDISSUE-908,Technicolor E31T2V1 on 200305 firmware requesting dualstack CMM IP's in L-TWC,Pulver, Tim M,P1,On Hold - Waiting on Customer,,2021-12-16 03:49:02.615270,2020-10-05T11:20:19.000-0400,,2021-09-07T18:12:49.000-0400
58,FIELDISSUE-904,Cisco IOS XE Software for Cisco cBR-8 Converged Broadband Routers DHCP Denial of Service Vulnerability,Katona, Matt J,P2,Open,,2021-12-16 03:49:02.659156,2020-10-02T16:29:22.000-0400,,2021-01-06T11:52:24.000-0500
59,FIELDISSUE-901,Askey RAC2V1K  - failed firmware upgrade 1.1.31 - 1.2.3 resulting in device becoming unresponsive/no connectivity,Nethery, Matt S,P0,Open,,2021-12-16 03:49:02.692066,2020-09-28T16:22:28.000-0400,,2021-08-11T16:03:25.000-0400
60,FIELDISSUE-895,Technicolor E31T2V1 using OFDMA when carrier is degraded or missing,Pulver, Tim M,P1,On Hold - Waiting on Vendor,,2021-12-16 03:49:02.728975,2020-09-22T11:48:32.000-0400,,2021-12-14T15:47:39.000-0500
61,FIELDISSUE-889,Technicolor E31T2V1 eMTA losing connectivity when OFDMA is enabled,Pulver, Tim M,P0,Test,,2021-12-16 03:49:02.761882,2020-09-17T13:30:35.000-0400,,2021-12-14T15:47:31.000-0500
62,FIELDISSUE-888,Hitron EN2251 intermittently losing voice service,Pulver, Tim M,P0,In Progress,,2021-12-16 03:49:02.792804,2020-09-17T13:26:34.000-0400,,2021-12-14T15:47:19.000-0500
63,FIELDISSUE-887,Hitron E31N2V1 (Possibly EN2251 as well) intermittent connectivity - event log errors,Pulver, Tim M,P0,On Hold - Waiting on Customer,,2021-12-16 03:49:02.822722,2020-09-17T13:25:37.000-0400,,2021-09-16T16:45:26.000-0400
64,FIELDISSUE-882,Sagemcom RAC2V2S - Disable Wifi breaks RIP/IPv4/IPv6,Nethery, Matt S,P1,On Hold - Waiting on Customer,,2021-12-16 03:49:02.863614,2020-09-02T22:52:52.000-0400,,2021-12-15T18:11:42.000-0500
65,FIELDISSUE-878,Cisco CBR8 - Defect - Unable to identify and monitor secondary RF-Channels,Katona, Matt J,P2,On Hold - Waiting on Vendor,,2021-12-16 03:49:02.896527,2020-08-31T12:29:26.000-0400,,2020-10-19T10:45:07.000-0400
66,FIELDISSUE-874,DTFTP - dynamic construction failed, trying static file 'vacs*,Malkmus, Ryan J,P2,Open,,2021-12-16 03:49:02.926450,2020-08-24T16:17:12.000-0400,,2021-12-10T18:51:14.000-0500
67,FIELDISSUE-872,ISIS Auth issue on CASA and Juniper QFX (CASA Case SR 2020-0715-0412),Katona, Matt J,P2,On Hold - Waiting on Customer,,2021-12-16 03:49:02.963350,2020-08-19T15:26:19.000-0400,,2021-12-14T16:20:56.000-0500
68,FIELDISSUE-870,Cisco 16.12.1y ES3 - "queue full" "%SNMP-3-INPUT_QFULL_ERR",Brown, John C,P2,On Hold - Waiting on Vendor,,2021-12-16 03:49:03.004241,2020-08-12T13:06:16.000-0400,,2021-12-14T15:45:49.000-0500
69,FIELDISSUE-861,Arris TM822A Registration Ack RCC ID Issue,Caudill, Andrew B,P2,Open,,2021-12-16 03:49:03.044137,2020-07-22T21:24:35.000-0400,,2021-09-07T18:13:13.000-0400
70,FIELDISSUE-857,Hitron - E31N2V1/Sagemcom - RAC2V1S  CB - 2 box solution issues,Teague, Halina E,P2,On Hold - Waiting on Customer,,2021-12-16 03:49:03.079043,2020-07-15T14:05:22.000-0400,,2021-08-11T18:04:06.000-0400
71,FIELDISSUE-843,Technicolor E31T2V1 200305 firmware - rollback due to no connectivity,Pulver, Tim M,P1,Test,,2021-12-16 03:49:03.109962,2020-06-26T18:52:08.000-0400,,2021-09-07T18:12:43.000-0400
72,FIELDISSUE-835,CPE test - Technicolor returning high results,Norris, Larry D,P1,On Hold - Waiting on Customer,,2021-12-16 03:49:03.142879,2020-06-12T09:41:35.000-0400,,2021-08-11T17:33:38.000-0400
73,FIELDISSUE-815,Design, Test, and Document Voice over D3.1 (OFDM and OFDMA),Katona, Matt J,P2,Open,,2021-12-16 03:49:03.178779,2020-05-14T16:26:24.000-0400,,2020-09-02T17:16:51.000-0400
74,FIELDISSUE-789,RAC2V1A not working with older 802.11N chipsets / Nintendo WII,Pulver, Tim M,P2,Open,,2021-12-16 03:49:03.215684,2020-03-31T18:06:43.000-0400,,2021-10-04T16:31:08.000-0400
75,FIELDISSUE-786,Upgrades to 7.0.1.21 reveal problem with Spectrum110 and 210 devices,Harrison, Karl B,P2,On Hold – Waiting on Environment,,2021-12-16 03:49:03.251588,2020-03-23T13:41:36.000-0400,,2021-11-30T17:49:14.000-0500
76,FIELDISSUE-782,Firmware testing and validation for new firmware for Technicolor DPC3216,Dewey, Brian C [X],P2,Test,,2021-12-16 03:49:03.294474,2020-03-05T12:32:41.000-0500,,2021-08-11T18:06:02.000-0400
77,FIELDISSUE-776,Casa - C100g - Linux implementations of TFTP would allow access to files outside the restricted directory,Bhukhra, Sharon S,P2,Open,,2021-12-16 03:49:03.325391,2020-02-28T16:45:09.000-0500,,2021-10-04T16:31:08.000-0400
78,FIELDISSUE-767,Arris DG1670A Arris CLI Command - Access Restricted,Norris, Larry D,P2,Open,,2021-12-16 03:49:03.357308,2020-02-18T13:01:36.000-0500,,2020-05-12T14:12:04.000-0400
79,FIELDISSUE-758,CBR8s failing to connect to Smart Licensing Server,Katona, Matt J,P2,In Progress,,2021-12-16 03:49:03.389224,2020-02-17T15:14:47.000-0500,,2020-05-11T18:14:11.000-0400
80,FIELDISSUE-756,Arris/Commscope MTAs - FmwRev 9.1.103J6J | VQM SNR returning as a negative value,Nethery, Matt S,P2,On Hold - Waiting on Vendor,,2021-12-16 03:49:03.419145,2020-02-17T14:58:02.000-0500,,2021-10-04T16:31:10.000-0400
81,FIELDISSUE-745,IPSec / GRE Issues - UDP 500,Nethery, Matt S,P2,Open,,2021-12-16 03:49:03.449065,2020-01-27T08:55:37.000-0500,,2021-10-04T16:31:39.000-0400
82,FIELDISSUE-739,CLONE - E31U2V1 TR69 module controls regarding the DNS,Norris, Larry D,P2,Open,,2021-12-16 03:49:03.477988,2020-01-15T14:01:25.000-0500,,2020-03-05T12:46:25.000-0500
83,FIELDISSUE-727,Upstream Supervision Limited to 32 DS,Harrison, Karl B,P2,Open,,2021-12-16 03:49:03.508906,2019-12-23T13:19:19.000-0500,,2020-10-05T12:43:04.000-0400
84,FIELDISSUE-722,MTAs sending INVITE & SUBSCRIBE to wrong Proxy & xcap-diff issues,Norris, Larry D,P1,Open,,2021-12-16 03:49:03.539825,2019-12-18T13:21:01.000-0500,,2021-12-14T14:51:25.000-0500
85,FIELDISSUE-721,FI - Lack of DHCPv6 LEASEQUERY/RESPONSE workaround investigation,Harrison, Karl B,P0,On Hold – Waiting on Environment,,2021-12-16 03:49:03.570743,2019-12-17T15:27:59.000-0500,,2021-12-14T16:21:39.000-0500
86,FIELDISSUE-719,CLONE - MTAs sending INVITE & SUBSCRIBE to wrong Proxy & xcap-diff issues,Norris, Larry D,P1,Open,,2021-12-16 03:49:03.600665,2019-12-16T12:50:16.000-0500,,2021-12-14T14:50:36.000-0500
87,FIELDISSUE-712,Hitron E31N2V1 not restoring internet connectivity when EBBU attached and power loss occurs.,Pulver, Tim M,P1,Open,,2021-12-16 03:49:03.630586,2019-12-03T18:24:57.000-0500,,2021-08-11T16:05:49.000-0400
88,FIELDISSUE-710,CLONE - Technicolor - E31T2V1 - EAI - non-recoverable failure in name resolution>,Nelson, Joshua E,P2,Open,,2021-12-16 03:49:03.673472,2019-11-25T11:59:57.000-0500,,2021-12-14T15:43:24.000-0500
89,FIELDISSUE-689,Arris E6000 RSM Console Lockup Recovery,Harrison, Karl B,P2,On Hold - Waiting on Vendor,,2021-12-16 03:49:03.705388,2019-10-17T18:16:30.000-0400,,2021-11-30T17:50:31.000-0500
90,FIELDISSUE-673,cBR-8 CMTS, Dual-stacked CMs,Lee, Daniel D,P2,On Hold – Waiting on Environment,,2021-12-16 03:49:03.733313,2019-09-25T12:30:56.000-0400,,2020-05-05T18:06:40.000-0400
91,FIELDISSUE-663,Hitron E31N2V1 - When MTA Lease Expires the Device continues to use it,Nelson, Joshua E,P1,On Hold - Waiting on Vendor,,2021-12-16 03:49:03.767224,2019-09-09T21:25:00.000-0400,,2021-10-04T16:30:16.000-0400
92,FIELDISSUE-662,Hitron E31N2V1 - Device Does not Request option 122 on Renew,Nelson, Joshua E,P1,On Hold - Waiting on Customer,,2021-12-16 03:49:03.798143,2019-09-09T21:16:20.000-0400,,2021-09-30T13:41:29.000-0400
93,FIELDISSUE-653,Wave 2 routers sending power over ethernet cable,Pulver, Tim M,P2,Open,,2021-12-16 03:49:03.835048,2019-08-26T11:48:17.000-0400,,2021-08-11T16:37:06.000-0400
94,FIELDISSUE-644,Hitron E31T2V1 DTMTF Tone issues - pc15,Ester, James W,P2,Open,,2021-12-16 03:49:03.870950,2019-08-14T13:48:07.000-0400,,2021-12-14T15:34:48.000-0500
95,FIELDISSUE-641,Cisco CBR8 :: 16.7.4 :: Video failed post re-alignment of Video QAMs,Katona, Matt J,P2,Open,,2021-12-16 03:49:03.904867,2019-08-13T12:53:33.000-0400,,2021-12-14T15:34:30.000-0500
96,FIELDISSUE-631,Technicolor E31T2V1 DOCSIS 3.1 2-PORT Voice Modem inconsistent Logs,Norris, Larry D,P2,Open,,2021-12-16 03:49:03.938777,2019-07-31T15:33:54.000-0400,,2020-05-05T18:06:21.000-0400
97,FIELDISSUE-625,Hitron CGNM2250-CTR devices not recovering after firmware upgrade on CBR8 CMTS,Norris, Larry D,P0,Open,,2021-12-16 03:49:03.980660,2019-07-17T21:19:17.000-0400,,2020-11-06T15:37:32.000-0500
98,FIELDISSUE-614,Add "snmpFilter" docs dev IP Filters to applicable IPv6 Groovy Files,Caudill, Andrew B,P2,Open,,2021-12-16 03:49:04.013579,2019-07-09T11:02:05.000-0400,,2021-11-10T13:05:08.000-0500
99,FIELDISSUE-613,Sagemcom RAC2V1S - Parental Controls not persisting firmware upgrade from 3K to 22x code,Nethery, Matt S,P2,On Hold - Waiting on Customer,,2021-12-16 03:49:04.043493,2019-07-03T17:41:54.000-0400,,2021-09-30T13:41:28.000-0400
100,FIELDISSUE-599,Ubee DVW32CB Not following TR69 Backoff when ACS is unavailable,Nelson, Joshua E,P1,Open,,2021-12-16 03:49:04.076405,2019-06-08T15:14:01.000-0400,,2021-10-04T16:30:17.000-0400
101,FIELDISSUE-598,Ubee DDW36C Not following TR69 Backoff when ACS is unavailable,Nelson, Joshua E,P1,Open,,2021-12-16 03:49:04.108321,2019-06-08T15:03:24.000-0400,,2021-10-04T16:30:17.000-0400
102,FIELDISSUE-597,Technicolor TC8717T Not following TR69 Backoff when ACS is unavailable,Nelson, Joshua E,P1,Open,,2021-12-16 03:49:04.137243,2019-06-08T14:47:25.000-0400,,2021-10-04T16:30:16.000-0400
103,FIELDISSUE-596,Technicolor TC8715D Not following TR69 Backoff when ACS is unavailable,Nelson, Joshua E,P1,On Hold - Waiting on Vendor,,2021-12-16 03:49:04.170157,2019-06-08T14:29:44.000-0400,,2021-10-04T16:30:16.000-0400
104,FIELDISSUE-594,HSD products when combined with Site Specific Commercial Video Solutions (includes QAM2QAM and QAM2Analog),Sanchez, Rey H,P2,Open,,2021-12-16 03:49:04.202073,2019-06-06T10:49:39.000-0400,,2021-12-14T15:36:52.000-0500
105,FIELDISSUE-572,Sagemcom RAC2V1S - able to pull multiple parameters with getValuesTree via webUI,Nelson, Joshua E,P0,Open,,2021-12-16 03:49:04.230997,2019-05-24T20:44:35.000-0400,,2021-12-14T15:37:04.000-0500
106,FIELDISSUE-569,Arris DG1672 - Security risk - RIP-KEY accessible to customer in base64,Nethery, Matt S,P1,Open,,2021-12-16 03:49:04.268897,2019-05-24T17:13:35.000-0400,,2021-08-11T16:07:47.000-0400
107,FIELDISSUE-570,Arris DG1682 - Security risk - RIP-KEY accessible to customer in base64,Nethery, Matt S,P1,Open,,2021-12-16 03:49:04.298817,2019-05-24T17:13:23.000-0400,,2021-08-11T16:07:35.000-0400
108,FIELDISSUE-568,Sagemcom F@ST5260 - Security risk - RIP-KEY accessible to customer,Nethery, Matt S,P1,Open,,2021-12-16 03:49:04.328739,2019-05-24T15:43:37.000-0400,,2021-08-11T16:07:23.000-0400
109,FIELDISSUE-567,RAC2V1A - Security risk - RIP-KEY potentially accessible to customer,Nethery, Matt S,P1,Open,,2021-12-16 03:49:04.372622,2019-05-24T15:38:13.000-0400,,2021-08-11T16:06:57.000-0400
110,FIELDISSUE-566,Arris DG1670A - Security risk - RIP-KEY accessible to customer in base64,Nethery, Matt S,P1,On Hold - Waiting on Vendor,,2021-12-16 03:49:04.402543,2019-05-24T15:32:51.000-0400,,2021-08-11T17:32:47.000-0400
111,FIELDISSUE-565,Askey 1.1.16 RRM/SON Excessive DNS Requests,Nelson, Joshua E,P2,In Progress,,2021-12-16 03:49:04.431466,2019-05-23T12:12:11.000-0400,,2021-12-14T15:36:47.000-0500
112,FIELDISSUE-544,Casa C100G - TACACS/AAA errors,Bhukhra, Sharon S,P3,Open,,2021-12-16 03:49:04.461387,2019-04-25T12:48:33.000-0400,,2021-12-15T18:20:58.000-0500
113,FIELDISSUE-538,507Mhz observed to be approx -4 db snr lower than adjacent channels,Ester, James W,P2,In Progress,,2021-12-16 03:49:04.492305,2019-04-22T19:05:43.000-0400,,2021-09-30T13:41:27.000-0400
114,FIELDISSUE-449,Casa : Bug 107967 - B@Charter: Unexpected ping repeat/timeout command behavior -BUG,Katona, Matt J,P2,On Hold - Waiting on Vendor,,2021-12-16 03:49:04.530209,2019-02-19T13:37:31.000-0500,,2021-10-04T16:31:01.000-0400
115,FIELDISSUE-441,Hitron E31N2V1 issues with MoCA devices on home network,Pulver, Tim M,P2,In Progress,,2021-12-16 03:49:04.567112,2019-02-08T09:11:35.000-0500,,2021-11-03T00:27:13.000-0400
116,FIELDISSUE-426,Hitron E31N2V1 devices having issues with inform time,Macha, Manosruthi,P2,Test,,2021-12-16 03:49:04.597028,2019-01-24T16:04:49.000-0500,,2021-12-14T15:36:32.000-0500
117,FIELDISSUE-353,Silent failure when configuring ISIS "max-lsp-lifetime",Harrison, Karl B,P3,Open,,2021-12-16 03:49:04.630943,2018-09-10T12:28:01.000-0400,,2021-12-14T15:36:11.000-0500
118,FIELDISSUE-299,Inform Credentials Missing a Password - Sagemcom 5260 - Firmware SG9C120074,Nelson, Joshua E,P2,In Progress,,2021-12-16 03:49:04.664851,2018-07-16T11:42:19.000-0400,,2021-10-04T16:30:18.000-0400
119,FIELDISSUE-133,Arris DG1670A constantly reboots with eRouter enabled on 103J6,Pulver, Tim M,P2,On Hold - Waiting on Vendor,,2021-12-16 03:49:04.697762,2017-06-16T10:15:05.000-0400,,2021-11-03T00:27:11.000-0400
