id,vendor,model,device_count,source
1,Adtran,1004,45847,discovery.docsis_device
2,Advanced Digital Broadcast,ADB-4731CDM,142766,discovery.docsis_device
3,Advanced Digital Broadcast,CHR-4820CDH,2541,discovery.docsis_device
4,Alcatel,XE-040G-A,19752,discovery.docsis_device
5,Alpha,BRM-35202,6,discovery.docsis_device
6,Alpha,CM-H,739,discovery.docsis_device
7,Alpha,DM3-AGW,38,discovery.docsis_device
8,Alpha,DPM,34522,discovery.docsis_device
9,Alpha,DSM3,63344,discovery.docsis_device
10,Alpha,DSM33,33813,discovery.docsis_device
11,Alpha,DSM33u,34,discovery.docsis_device
12,Alpha,DSM33X,28278,discovery.docsis_device
13,Alpha,DSM3x,309,discovery.docsis_device
14,Alpha,IDH4L,40,discovery.docsis_device
15,Alpha,IDH4X,3285,discovery.docsis_device
16,Alpha,SMG-01PE-21,635,discovery.docsis_device
17,AM Communications,9360,841,discovery.docsis_device
18,AM Communications,9362A,45,discovery.docsis_device
19,AM Communications,9362A-2,4,discovery.docsis_device
20,Askey,CMM67,25823,discovery.docsis_device
21,Asus,CM-16,2704,discovery.docsis_device
22,Asus,CM-32_AC2600,2662,discovery.docsis_device
23,Asus,CMAX6000,162,discovery.docsis_device
24,BelAir,CDA-29310BEL,121,discovery.docsis_device
25,BelAir,CDA20360-BelAir100SNE,1941,discovery.docsis_device
26,BelAir,CDA20360Bel NA,967,discovery.docsis_device
27,Cheetah Technologies,66950-0391,264,discovery.docsis_device
28,Cheetah Technologies,66950-0665,21,discovery.docsis_device
29,Cisco,4640,732279,discovery.docsis_device
30,Cisco,4642,315430,discovery.docsis_device
31,Cisco,4650,15367,discovery.docsis_device
32,Cisco,4742,2127416,discovery.docsis_device
33,Cisco,8640,275886,discovery.docsis_device
34,Cisco,8642,92835,discovery.docsis_device
35,Cisco,8650,11494,discovery.docsis_device
36,Cisco,8742,678821,discovery.docsis_device
37,Cisco,9865,676,discovery.docsis_device
38,Cisco,AiroNet 1552c AP (DPC3010i),11961,discovery.docsis_device
39,Cisco,CM100,1389,discovery.docsis_device
40,Cisco,DPC2100R2,17781,discovery.docsis_device
41,Cisco,DPC2100R3,7,discovery.docsis_device
42,Cisco,DPC2325,76,discovery.docsis_device
43,Cisco,DPC3000,380,discovery.docsis_device
44,Cisco,DPC3008,120916,discovery.docsis_device
45,Cisco,DPC3010,50897,discovery.docsis_device
46,Cisco,DPC3024-NA2442,814,discovery.docsis_device
47,Cisco,DPC3208,109112,discovery.docsis_device
48,Cisco,DPC3825,621,discovery.docsis_device
49,Cisco,DPC3827,4,discovery.docsis_device
50,Cisco,DPC3829,4,discovery.docsis_device
51,Cisco,DPC3925,1,discovery.docsis_device
52,Cisco,DPC3939,4,discovery.docsis_device
53,Cisco,DPC3941T,51,discovery.docsis_device
54,Cisco,DPQ2160,2,discovery.docsis_device
55,Cisco,DPQ3212,37,discovery.docsis_device
56,Cisco,DPQ3925,3401,discovery.docsis_device
57,Cisco,e5800,10,discovery.docsis_device
58,Cisco,HWIC-CABLE-D-2,107,discovery.docsis_device
59,Commscope,C1004,3949,discovery.docsis_device
60,Commscope,CM3200A,50,discovery.docsis_device
61,Commscope,CM450A,13,discovery.docsis_device
62,Commscope,CM550A,1797,discovery.docsis_device
63,Commscope,CM8200A,483,discovery.docsis_device
64,Commscope,CM820A,92404,discovery.docsis_device
65,Commscope,CM820B,1,discovery.docsis_device
66,Commscope,CM820C,5,discovery.docsis_device
67,Commscope,CM900A,2,discovery.docsis_device
68,Commscope,DCH-3200,354,discovery.docsis_device
69,Commscope,DCH-3416,10471,discovery.docsis_device
70,Commscope,DCH-6200,17071,discovery.docsis_device
71,Commscope,DCH-6416,6255,discovery.docsis_device
72,Commscope,DCX-3200,929477,discovery.docsis_device
73,Commscope,DCX-3220,1869323,discovery.docsis_device
74,Commscope,DCX-3425,26048,discovery.docsis_device
75,Commscope,DCX-3432,18863,discovery.docsis_device
76,Commscope,DCX-3450,67,discovery.docsis_device
77,Commscope,DCX-3500,382515,discovery.docsis_device
78,Commscope,DCX-3510,327086,discovery.docsis_device
79,Commscope,DCX-3520,465994,discovery.docsis_device
80,Commscope,DCX3200M,2280041,discovery.docsis_device
81,Commscope,DCX3400M,19566,discovery.docsis_device
82,Commscope,DCX3510M,527353,discovery.docsis_device
83,Commscope,DCX3600M,771245,discovery.docsis_device
84,Commscope,DG1660A,37,discovery.docsis_device
85,Commscope,DG1670A,484285,discovery.docsis_device
86,Commscope,DG1680A,74,discovery.docsis_device
87,Commscope,DG2460A,232,discovery.docsis_device
88,Commscope,DG2470A,210,discovery.docsis_device
89,Commscope,DG3260A,15,discovery.docsis_device
90,Commscope,DG3270A,149,discovery.docsis_device
91,Commscope,DG860A,38637,discovery.docsis_device
92,Commscope,DG860P2,237,discovery.docsis_device
93,Commscope,DG950A,31,discovery.docsis_device
94,Commscope,G34,51,discovery.docsis_device
95,Commscope,G36,103,discovery.docsis_device
96,Commscope,MB8611,4417,discovery.docsis_device
97,Commscope,MG5225G,4,discovery.docsis_device
98,Commscope,MG8702,2382,discovery.docsis_device
99,Commscope,S33,5295,discovery.docsis_device
100,Commscope,SB4220,6,discovery.docsis_device
101,Commscope,SB5100,6331,discovery.docsis_device
102,Commscope,SB5101,25875,discovery.docsis_device
103,Commscope,SB5101N,2435,discovery.docsis_device
104,Commscope,SB5101U,18661,discovery.docsis_device
105,Commscope,SB5102,29,discovery.docsis_device
106,Commscope,SB5120,2611,discovery.docsis_device
107,Commscope,SB6120,8163,discovery.docsis_device
108,Commscope,SB6121,116356,discovery.docsis_device
109,Commscope,SB6141,367955,discovery.docsis_device
110,Commscope,SB6141E,7,discovery.docsis_device
111,Commscope,SB6180,578,discovery.docsis_device
112,Commscope,SB6182,283,discovery.docsis_device
113,Commscope,SB6183,226234,discovery.docsis_device
114,Commscope,SB6190,147412,discovery.docsis_device
115,Commscope,SB8200,45179,discovery.docsis_device
116,Commscope,SBG10,30099,discovery.docsis_device
117,Commscope,SBG6400,4407,discovery.docsis_device
118,Commscope,SBG6580-2,4555,discovery.docsis_device
119,Commscope,SBG6580-Leased,35899,discovery.docsis_device
120,Commscope,SBG6580-Retail,71872,discovery.docsis_device
121,Commscope,SBG6700-AC,24639,discovery.docsis_device
122,Commscope,SBG6782,43,discovery.docsis_device
123,Commscope,SBG6782-AC,13613,discovery.docsis_device
124,Commscope,SBG6900-AC,20534,discovery.docsis_device
125,Commscope,SBG6950AC2,10208,discovery.docsis_device
126,Commscope,SBG7400AC2,13206,discovery.docsis_device
127,Commscope,SBG7580-AC,3723,discovery.docsis_device
128,Commscope,SBG7600AC2,9700,discovery.docsis_device
129,Commscope,SBG8300,6034,discovery.docsis_device
130,Commscope,SBG900,478,discovery.docsis_device
131,Commscope,SBG901,1333,discovery.docsis_device
132,Commscope,SBG940,25,discovery.docsis_device
133,Commscope,SBG941,713,discovery.docsis_device
134,Commscope,SBV5120,10,discovery.docsis_device
135,Commscope,SBV5121,6384,discovery.docsis_device
136,Commscope,SBV5121E,1,discovery.docsis_device
137,Commscope,SBV5122,15068,discovery.docsis_device
138,Commscope,SBV5220,10757,discovery.docsis_device
139,Commscope,SBV5222,3191,discovery.docsis_device
140,Commscope,SBV5322,21653,discovery.docsis_device
141,Commscope,SBV6220,174,discovery.docsis_device
142,Commscope,Spectrum110-A,842408,discovery.docsis_device
143,Commscope,Spectrum210-A,458620,discovery.docsis_device
144,Commscope,SVG2482AC,979,discovery.docsis_device
145,Commscope,SVG6582,1,discovery.docsis_device
146,Commscope,TG1642G,90,discovery.docsis_device
147,Commscope,TG1672G,943354,discovery.docsis_device
148,Commscope,TG1682G,696256,discovery.docsis_device
149,Commscope,TG1682GP2,38,discovery.docsis_device
150,Commscope,TG2472G,120,discovery.docsis_device
151,Commscope,TG852G,7681,discovery.docsis_device
152,Commscope,TG862A,8,discovery.docsis_device
153,Commscope,TG862G,46613,discovery.docsis_device
154,Commscope,TM1602A,638277,discovery.docsis_device
155,Commscope,TM1602AP2,3913133,discovery.docsis_device
156,Commscope,TM1602G,143077,discovery.docsis_device
157,Commscope,TM402G,23065,discovery.docsis_device
158,Commscope,TM402P,4112,discovery.docsis_device
159,Commscope,TM502A,35504,discovery.docsis_device
160,Commscope,TM502G,127218,discovery.docsis_device
161,Commscope,TM504G,4227,discovery.docsis_device
162,Commscope,TM508A,3345,discovery.docsis_device
163,Commscope,TM512A,2691,discovery.docsis_device
164,Commscope,TM602A,103438,discovery.docsis_device
165,Commscope,TM602G,191223,discovery.docsis_device
166,Commscope,TM604G,250896,discovery.docsis_device
167,Commscope,TM608G,77951,discovery.docsis_device
168,Commscope,TM632A,7187,discovery.docsis_device
169,Commscope,TM722G,1243,discovery.docsis_device
170,Commscope,TM802G,6571,discovery.docsis_device
171,Commscope,TM804G,708037,discovery.docsis_device
172,Commscope,TM822A,625413,discovery.docsis_device
173,Commscope,TM822G,92452,discovery.docsis_device
174,Commscope,TM822R,6,discovery.docsis_device
175,Commscope,TM902A,129703,discovery.docsis_device
176,Commscope,Unknown,102,discovery.docsis_device
177,Commscope,WBM750A,2,discovery.docsis_device
178,Commscope,WBM760A,96,discovery.docsis_device
179,Commscope,WTM552G,2,discovery.docsis_device
180,Commscope,WTM652G,13,discovery.docsis_device
181,D-Link,DCM-202,194,discovery.docsis_device
182,D-Link,DCM-301,2,discovery.docsis_device
183,D-Link,DCM301,3640,discovery.docsis_device
184,D-Link,DCM301E1,14,discovery.docsis_device
185,Electronline,DHT-PS-AT-03,41,discovery.docsis_device
186,Electronline,DHT-PS-NA-02,179,discovery.docsis_device
187,Electronline,ECMM-02,1335,discovery.docsis_device
188,Electronline,EECM3,18,discovery.docsis_device
189,Finisar,Finisar 3714,28,discovery.docsis_device
190,Hitron,BRG-35503,63,discovery.docsis_device
191,Hitron,BRM-35302LC,1,discovery.docsis_device
192,Hitron,CDA-30360-NA,456,discovery.docsis_device
193,Hitron,CDA-RES,147,discovery.docsis_device
194,Hitron,CDA30360NA-Blurex,56,discovery.docsis_device
195,Hitron,CGN,254,discovery.docsis_device
196,Hitron,CGN-RES,5,discovery.docsis_device
197,Hitron,CGN-SDL,12,discovery.docsis_device
198,Hitron,CGN2-RES,3,discovery.docsis_device
199,Hitron,CGNM-2250-RES,30,discovery.docsis_device
200,Hitron,CGNM-2250-SDL,18,discovery.docsis_device
201,Hitron,CGNM-CTR,2915,discovery.docsis_device
202,Hitron,CGNM-RES,49,discovery.docsis_device
203,Hitron,CGNM2250-CTR,112900,discovery.docsis_device
204,Hitron,CGNV2,2,discovery.docsis_device
205,Hitron,E31N2V1,2932453,discovery.docsis_device
206,Hitron,EN2251,2301187,discovery.docsis_device
207,Huawei,MT130U,1,discovery.docsis_device
208,Humax,Spectrum100-H,3411,discovery.docsis_device
209,Humax,Spectrum101-H,1568329,discovery.docsis_device
210,Humax,Spectrum110-H,1171915,discovery.docsis_device
211,Humax,Spectrum200-H,10,discovery.docsis_device
212,Humax,Spectrum201-H,349313,discovery.docsis_device
213,Humax,Spectrum210-H,784045,discovery.docsis_device
214,JDSU,dsamdocsis30,1,discovery.docsis_device
215,Linksys,BEFCMU10,934,discovery.docsis_device
216,Linksys,CG7500,1526,discovery.docsis_device
217,Linksys,CM3008,7580,discovery.docsis_device
218,Linksys,CM3016,3288,discovery.docsis_device
219,Linksys,CM3024,7357,discovery.docsis_device
220,Linksys,WCG200,41,discovery.docsis_device
221,Netgear,C3000-100NAS,61058,discovery.docsis_device
222,Netgear,C3000v2,1,discovery.docsis_device
223,Netgear,C3700-100NAS,81488,discovery.docsis_device
224,Netgear,C3700v2,12766,discovery.docsis_device
225,Netgear,C6220,25017,discovery.docsis_device
226,Netgear,C6230,2679,discovery.docsis_device
227,Netgear,C6250-100NAS,36927,discovery.docsis_device
228,Netgear,C6300-100NAS,52296,discovery.docsis_device
229,Netgear,C6300BD,1197,discovery.docsis_device
230,Netgear,C6300v2,17150,discovery.docsis_device
231,Netgear,C6900,10607,discovery.docsis_device
232,Netgear,C7000-100NAS,36304,discovery.docsis_device
233,Netgear,C7000v2,125639,discovery.docsis_device
234,Netgear,C7100V,921,discovery.docsis_device
235,Netgear,C7500,3156,discovery.docsis_device
236,Netgear,C7800,10479,discovery.docsis_device
237,Netgear,CAX30,4958,discovery.docsis_device
238,Netgear,CAX80,4168,discovery.docsis_device
239,Netgear,CBR40,5044,discovery.docsis_device
240,Netgear,CBR750,2774,discovery.docsis_device
241,Netgear,CG3000D,1850,discovery.docsis_device
242,Netgear,CG3000D-RG,2,discovery.docsis_device
243,Netgear,CG3000DCR,7,discovery.docsis_device
244,Netgear,CG3000Dv1,368,discovery.docsis_device
245,Netgear,CG3000DV2,7667,discovery.docsis_device
246,Netgear,CG4500BD,176,discovery.docsis_device
247,Netgear,CG814CMR,50,discovery.docsis_device
248,Netgear,CG814CPR-2TCNAS,1,discovery.docsis_device
249,Netgear,CG814WG,1,discovery.docsis_device
250,Netgear,CG814WG v2,73,discovery.docsis_device
251,Netgear,CGD24CPR,16,discovery.docsis_device
252,Netgear,CGD24G-100NAS,3667,discovery.docsis_device
253,Netgear,CGD24G-1CHNAS,112,discovery.docsis_device
254,Netgear,CM1000,10751,discovery.docsis_device
255,Netgear,CM1000-1AZNAS,370,discovery.docsis_device
256,Netgear,CM1000v2,20921,discovery.docsis_device
257,Netgear,CM1100,10875,discovery.docsis_device
258,Netgear,CM1150V,488,discovery.docsis_device
259,Netgear,CM1200,16326,discovery.docsis_device
260,Netgear,CM2000,5924,discovery.docsis_device
261,Netgear,CM400-100NAS,30793,discovery.docsis_device
262,Netgear,CM500-100NAS,86087,discovery.docsis_device
263,Netgear,CM500V,473,discovery.docsis_device
264,Netgear,CM600,33518,discovery.docsis_device
265,Netgear,CM700,44158,discovery.docsis_device
266,Netgear,CMD31T-100NAS,6787,discovery.docsis_device
267,NetSys,MNG2300,7,discovery.docsis_device
268,Pace Micro,DALLAS_MC27,28,discovery.docsis_device
269,Pace Micro,DC550D,228212,discovery.docsis_device
270,Pace Micro,L3GW,1,discovery.docsis_device
271,Pace Micro,RNG110,8236,discovery.docsis_device
272,Pace Micro,RNG200N,27,discovery.docsis_device
273,Pace Micro,TDC788D,7712,discovery.docsis_device
274,Rembrandt,REM-8100,2,discovery.docsis_device
275,Ruckus,CMM310-002C,498,discovery.docsis_device
276,Sagem,F@ST3284,3,discovery.docsis_device
277,Sagemcom,SONUV1S,28,discovery.docsis_device
278,Samsung,SMT-H3090,1,discovery.docsis_device
279,Samsung,SMT-H3262,115097,discovery.docsis_device
280,Samsung,SMT-H3270,57856,discovery.docsis_device
281,Samsung,SMT-H3272,138478,discovery.docsis_device
282,Samsung,SMT-H3362,792075,discovery.docsis_device
283,Samsung,SMT-H4372,91036,discovery.docsis_device
284,Scientific-Atlanta,DPC2100,31,discovery.docsis_device
285,Scientific-Atlanta,DPC2203,29817,discovery.docsis_device
286,Scientific-Atlanta,DPX2100,9,discovery.docsis_device
287,Scientific-Atlanta,DPX2203,4530,discovery.docsis_device
288,Sercomm,ES2251,829621,discovery.docsis_device
289,SMC Networks,D3CM1604,594,discovery.docsis_device
290,SMC Networks,D3CM1604V-400-NA,12,discovery.docsis_device
291,SMC Networks,D3G1604W-CTR,59452,discovery.docsis_device
292,SMC Networks,SMC8004-BCM,19,discovery.docsis_device
293,SMC Networks,SMC8004CM,11,discovery.docsis_device
294,SMC Networks,SMC8014-TES,102,discovery.docsis_device
295,SMC Networks,SMC8014-TWC,915,discovery.docsis_device
296,SMC Networks,SMC8014WG,6,discovery.docsis_device
297,SMC Networks,SMC8014WG-BIZ,322,discovery.docsis_device
298,SMC Networks,SMC8014WG-CCR,1,discovery.docsis_device
299,SMC Networks,SMC8014WG-SI,1,discovery.docsis_device
300,SMC Networks,SMC8014WG-TWC,2619,discovery.docsis_device
301,SMC Networks,SMC8014WN,4,discovery.docsis_device
302,SMC Networks,SMCD3G-BIZ,5346,discovery.docsis_device
303,SMC Networks,SMCD3G-CCR,2,discovery.docsis_device
304,SMC Networks,SMCD3G-TWC,4,discovery.docsis_device
305,SMC Networks,SMCD3G2TES-L2TPV3,23,discovery.docsis_device
306,SMC Networks,SMCD3GN-RES,56,discovery.docsis_device
307,SMC Networks,SMCD3GN-TWC,46,discovery.docsis_device
308,SMC Networks,SMCD3GN2-BIZ,9124,discovery.docsis_device
309,SMC Networks,SMCD3GNV,4,discovery.docsis_device
310,Sumitomo,3714,1,discovery.docsis_device
311,Sumitomo,FTE6083,702,discovery.docsis_device
312,Technicolor,9865 T,605711,discovery.docsis_device
313,Technicolor,CGM4140COM,55,discovery.docsis_device
314,Technicolor,DCM315,31,discovery.docsis_device
315,Technicolor,DCM325,1,discovery.docsis_device
316,Technicolor,DCM425,3173,discovery.docsis_device
317,Technicolor,DCM475,113,discovery.docsis_device
318,Technicolor,DCM476,15,discovery.docsis_device
319,Technicolor,DCW725,77,discovery.docsis_device
320,Technicolor,DCW775,2,discovery.docsis_device
321,Technicolor,DDW2602,537,discovery.docsis_device
322,Technicolor,DHG535,328,discovery.docsis_device
323,Technicolor,DHG536,387,discovery.docsis_device
324,Technicolor,DHG575,22,discovery.docsis_device
325,Technicolor,DPC3216,1529511,discovery.docsis_device
326,Technicolor,DPC3216C,34746,discovery.docsis_device
327,Technicolor,DWG855,594,discovery.docsis_device
328,Technicolor,DWG875,1520,discovery.docsis_device
329,Technicolor,E31T2V1,2927102,discovery.docsis_device
330,Technicolor,ET2251,1530893,discovery.docsis_device
331,Technicolor,Spectrum101-T,1985462,discovery.docsis_device
332,Technicolor,Spectrum110-T,211938,discovery.docsis_device
333,Technicolor,Spectrum201-T,667803,discovery.docsis_device
334,Technicolor,Spectrum210-T,166637,discovery.docsis_device
335,Technicolor,TC4300,5,discovery.docsis_device
336,Technicolor,TC4310,39143,discovery.docsis_device
337,Technicolor,TC4400,13657,discovery.docsis_device
338,Technicolor,TC4400-GEN,80,discovery.docsis_device
339,Technicolor,TC8305,3,discovery.docsis_device
340,Technicolor,TC8305C,50,discovery.docsis_device
341,Technicolor,TC8715,7,discovery.docsis_device
342,Technicolor,TC8715D,578540,discovery.docsis_device
343,Technicolor,TC8717,8,discovery.docsis_device
344,Technicolor,TC8717T,829799,discovery.docsis_device
345,Terayon,ECM715,15,discovery.docsis_device
346,Terayon,TJ715x,33,discovery.docsis_device
347,Tollgrade,1.0.0,46,discovery.docsis_device
348,Tollgrade,1.0.0-EXT 1,7,discovery.docsis_device
349,Tollgrade,66950-0379,901,discovery.docsis_device
350,Tollgrade,66950-0389,11,discovery.docsis_device
351,Tollgrade,CMD-P,10,discovery.docsis_device
352,Toshiba,PCX2600,420,discovery.docsis_device
353,TP-Link Technologies,Archer CR500,1014,discovery.docsis_device
354,TP-Link Technologies,Archer CR700,7181,discovery.docsis_device
355,TP-Link Technologies,CR1900,349,discovery.docsis_device
356,TP-Link Technologies,TC-7610,14038,discovery.docsis_device
357,TP-Link Technologies,TC-7620,5850,discovery.docsis_device
358,TP-Link Technologies,TC-W7960,5365,discovery.docsis_device
359,TP-Link Technologies,TC7650,1138,discovery.docsis_device
360,Ubee,60740EU,18,discovery.docsis_device
361,Ubee,DDC2702,56,discovery.docsis_device
362,Ubee,DDM3513,142,discovery.docsis_device
363,Ubee,DDM352.2,2054,discovery.docsis_device
364,Ubee,DDM3521,80438,discovery.docsis_device
365,Ubee,DDM354,8697,discovery.docsis_device
366,Ubee,DDW3611,7364,discovery.docsis_device
367,Ubee,DDW3612,288,discovery.docsis_device
368,Ubee,DDW365,35254,discovery.docsis_device
369,Ubee,DDW3652,20440,discovery.docsis_device
370,Ubee,DDW366,39,discovery.docsis_device
371,Ubee,DDW36C,557769,discovery.docsis_device
372,Ubee,DVM3203B,1,discovery.docsis_device
373,Ubee,DVW3201B,44498,discovery.docsis_device
374,Ubee,DVW320KB SIP,6,discovery.docsis_device
375,Ubee,DVW326,8,discovery.docsis_device
376,Ubee,DVW32CB,1155031,discovery.docsis_device
377,Ubee,E31U2V1,2799312,discovery.docsis_device
378,Ubee,EU2251,1783688,discovery.docsis_device
379,Ubee,U10C017,9,discovery.docsis_device
380,Ubee,U10C018,13900,discovery.docsis_device
381,Ubee,U10C019,104,discovery.docsis_device
382,Ubee,U10C020,937,discovery.docsis_device
383,Ubee,U10C022,3453,discovery.docsis_device
384,Ubee,U10C034,3230,discovery.docsis_device
385,Ubee,U10C035,6906,discovery.docsis_device
386,Ubee,U10C037-DDW2600,1398,discovery.docsis_device
387,Ubee,U10C038-DDC2700,657,discovery.docsis_device
388,Ubee,U10C056,1,discovery.docsis_device
389,Ubee,UBC1301AA00,3,discovery.docsis_device
390,Ubee,UBC1302,8,discovery.docsis_device
391,Vecima Networks,TC1000B-eCMM,6,discovery.docsis_device
392,Vecima Networks,TC600-eCMM,11,discovery.docsis_device
393,Veex,CMD31,14,discovery.docsis_device
394,Veex,CX,2,discovery.docsis_device
395,Viavi Solutions,onxdocsis31,35,discovery.docsis_device
396,Zoom,5241,23,discovery.docsis_device
397,Zoom,5341,116,discovery.docsis_device
398,Zoom,5341J,16512,discovery.docsis_device
399,Zoom,5345,5419,discovery.docsis_device
400,Zoom,5350,1092,discovery.docsis_device
401,Zoom,5352,6050,discovery.docsis_device
402,Zoom,5354,2912,discovery.docsis_device
403,Zoom,5360,134,discovery.docsis_device
404,Zoom,5363,783,discovery.docsis_device
405,Zoom,5370,1780,discovery.docsis_device
406,Zoom,MB7220,14992,discovery.docsis_device
407,Zoom,MB7420,20658,discovery.docsis_device
408,Zoom,MB7621,20995,discovery.docsis_device
409,Zoom,MB8600,11207,discovery.docsis_device
410,Zoom,MG7310,4059,discovery.docsis_device
411,Zoom,MG7315,9237,discovery.docsis_device
412,Zoom,MG7540,16054,discovery.docsis_device
413,Zoom,MG7550,34121,discovery.docsis_device
414,ZyXEL,P-974H,20,discovery.docsis_device
415,ZyXEL,P-974HW,1,discovery.docsis_device
416,ZyXEL,P964 Cable Router,1,discovery.docsis_device
512,Arris Interactive, L.L.C.,TG1672G,661781,edge.edge
513,Technicolor,TC8717T,709584,edge.edge
514,Arris Interactive, L.L.C.,DG1670A,380846,edge.edge
515,Sagemcom,F@st 5260,2252032,edge.edge
516,ARRIS Group, Inc.,TG1682G,6248,edge.edge
517,Ubee Interactive Corp.,DDW36C,478600,edge.edge
518,Ubee Interactive Corp.,DVW32CB,1016835,edge.edge
519,Sagemcom,RAC2V1S,2511306,edge.edge
520,Technicolor,TC8715D,425205,edge.edge
521,Askey Computer Corp.,RAC2V1K,1582905,edge.edge
522,Arris,RAC2V1A,569014,edge.edge
523,ARRIS Group, Inc.,TM1602AP2,1058213,edge.edge
524,Technicolor,DG1670A,1,edge.edge
525,Ubee Interactive Corp.,DG1670A,6,edge.edge
526,Ubee Interactive Corp.,TG1672G,8,edge.edge
527,Arris Interactive, L.L.C.,TC8715D,1,edge.edge
528,ARRIS Group, Inc.,DG1680A,66,edge.edge
529, , ,5422,edge.edge
530,Actiontec,M6240L,227,edge.edge
531,NETGEAR,R6300v2,411637,edge.edge
532,Ubee Interactive,TVM924,13633,edge.edge
533,Sagemcom,RAC2V2S,448845,edge.edge
534,NETGEAR,WNDR3800,18661,edge.edge
535,Actiontec,WCB3000N,846,edge.edge
536,Ubee Interactive,TVM9242,1000,edge.edge
537,GRANDSTREAM,HT802,13,edge.edge
538,Cisco,DOCSIS 3.0,302,edge.edge
539,Askey Computer Corp.,RAX1V1K,58,edge.edge
540,Ubee Interactive, ,60,edge.edge
541,NETGEAR,WNDR3800CH,53,edge.edge
542,Hitron Technologies, ,9,edge.edge
543,Askey Computer Corp.,DG1670A,1,edge.edge
544,ARRIS Group,Inc,RAC2V1A,3,edge.edge
545,Ubee Interactive,E31U2V1,107,edge.edge
546,Technicolor,E31T2V1,91,edge.edge
547,Hitron Technologies,E31U2V1,6,edge.edge
548,Hitron Technologies,RAC2V1K,4,edge.edge
549,Ubee Interactive,RAC2V1S,6,edge.edge
550,Hitron Technologies,F@st 5260,5,edge.edge
551,Hitron Technologies,TC8717T,4,edge.edge
552,Hitron Technologies,RAC2V1S,7,edge.edge
553,Hitron Technologies,E31T2V1,4,edge.edge
554,Ubee Interactive,DVW32CB,1,edge.edge
555,Ubee Interactive,TC8715D,1,edge.edge
556,Hitron Technologies,DDW36C,2,edge.edge
557,Ubee Interactive,E31T2V1,3,edge.edge
558,Ubee Interactive,F@st 5260,4,edge.edge
559,Hitron Technologies,DVW32CB,6,edge.edge
560,Hitron Technologies,RAC2V1A,5,edge.edge
561,Sercomm Corporation, ,3,edge.edge
562,Arris Interactive, L.L.C.,TG862G,250,edge.edge
563,Technicolor, ,7,edge.edge
564,GRANDSTREAM,HT801,2,edge.edge
565,Sagemcom Broadband SAS,SONUV1S,79,edge.edge
566,Arris Interactive, L.L.C.,TG852G,87,edge.edge
567,Ubae Intarac`ife Corp.,@VC3"CB,1,edge.edge
568,Abae Int!rac`ibe Ckr`.,@VC32CB,1,edge.edge
569,Abee Ijtarac`ife Cor`.,@VC3"CB,1,edge.edge
570,Qbae Intarac`ibe Ccr`.,@VG3"CB,1,edge.edge
571,Abae Intarac`ibe Ckr`.,DVS32CB,1,edge.edge
572,Hitron Technologies,TG1672G,3,edge.edge
573,Askey Computer Corp.,E31T2V1,1,edge.edge
574,Ubee Interactive,TC8717T,5,edge.edge
575,Ubee Interactive,RAC2V1A,4,edge.edge
576,Ubee Interactive,TG1672G,1,edge.edge
577,BEC Technologies Inc.,BEC 8920AC,1,edge.edge
578,Abae Intarac ife Ckr`.,DVG3"CB,1,edge.edge
579,Askey Computer Corp.,F@st 5260,1,edge.edge
580,GRANDSTREAM,HT812,2,edge.edge
581,Sagemcom, ,1,edge.edge
582,Arris Interactive, L.L.C.,TC8717T,1,edge.edge
583,Hitron Technologies,DG1670A,1,edge.edge
584,Hitron Technologies,TC8715D,2,edge.edge
585,GRANDSTREAM,HT814,1,edge.edge
586,Technicolor,TG1672G,1,edge.edge
587,Ebae Intaracdibe Ccr`.,DVG3"CB,1,edge.edge
588,Eb%e Ibtarac`ire Ckr`.,@VS3"CB,1,edge.edge
639,Askey,RAC2V1K,45427,scp.gateway_master_dimension
640,Askey,SAC2V1K,2717315,scp.gateway_master_dimension
641,Askey,SAX1V1K,695648,scp.gateway_master_dimension
642,Commscope,SAC2V1A,892620,scp.gateway_master_dimension
643,Sagemcom,SAC2V1S,274,scp.gateway_master_dimension
644,Sagemcom,SAC2V2S,2956912,scp.gateway_master_dimension
645,Sagemcom,SAX1V1S,221391,scp.gateway_master_dimension
646,Sercomm,SAX1V1R,547478,scp.gateway_master_dimension
